<?xml version="1.0" encoding="UTF-8"?>
<!DOCTYPE mapper PUBLIC "-//mybatis.org//DTD Mapper 3.0//EN" "http://mybatis.org/dtd/mybatis-3-mapper.dtd">
<mapper namespace="com.ddjf.wyhz.dao.CommentMapper">
	<resultMap id="BaseResultMap" type="com.ddjf.wyhz.entity.Comment">
		<id column="co_id" jdbcType="INTEGER" property="coId" />
		<result column="co_score" jdbcType="DOUBLE" property="coScore" />
		<result column="co_time" jdbcType="TIMESTAMP" property="coTime" />
		<result column="co_filmid" jdbcType="INTEGER" property="coFilmid" />
		<result column="co_userid" jdbcType="INTEGER" property="coUserid" />
	</resultMap>
	<resultMap extends="BaseResultMap" id="ResultMapWithBLOBs"
		type="com.ddjf.wyhz.entity.Comment">
		<result column="co_describe" jdbcType="LONGVARCHAR" property="coDescribe" />
	</resultMap>
	<sql id="Base_Column_List">
		co_id, co_score, co_time, co_filmid, co_userid, co_describe
	</sql>
	<sql id="Blob_Column_List">
		co_describe
	</sql>
	<select id="selectByPrimaryKey" parameterType="java.lang.Integer"
		resultMap="ResultMapWithBLOBs">
		select
		<include refid="Base_Column_List" />
		,
		<include refid="Blob_Column_List" />
		from t_comment
		where co_id = #{coId,jdbcType=INTEGER}
	</select>
	<delete id="deleteByPrimaryKey" parameterType="java.lang.Integer">
		delete from t_comment
		where co_id = #{coId,jdbcType=INTEGER}
	</delete>
	<insert id="insert" parameterType="com.ddjf.wyhz.entity.Comment">
		insert into t_comment (co_id, co_score, 
		co_filmid, co_userid, co_describe
		)
		values (#{coId,jdbcType=INTEGER}, #{coScore,jdbcType=DOUBLE},
		#{coFilmid,jdbcType=INTEGER}, #{coUserid,jdbcType=INTEGER}, #{coDescribe,jdbcType=LONGVARCHAR}
		)
	</insert>
	<insert id="insertSelective" parameterType="com.ddjf.wyhz.entity.Comment">
		insert into t_comment
		<trim prefix="(" suffix=")" suffixOverrides=",">
			<if test="coId != null">
				co_id,
			</if>
			<if test="coScore != null">
				co_score,
			</if>
			<if test="coTime != null">
				co_time,
			</if>
			<if test="coFilmid != null">
				co_filmid,
			</if>
			<if test="coUserid != null">
				co_userid,
			</if>
			<if test="coDescribe != null">
				co_describe,
			</if>
		</trim>
		<trim prefix="values (" suffix=")" suffixOverrides=",">
			<if test="coId != null">
				#{coId,jdbcType=INTEGER},
			</if>
			<if test="coScore != null">
				#{coScore,jdbcType=DOUBLE},
			</if>
			<if test="coTime != null">
				#{coTime,jdbcType=TIMESTAMP},
			</if>
			<if test="coFilmid != null">
				#{coFilmid,jdbcType=INTEGER},
			</if>
			<if test="coUserid != null">
				#{coUserid,jdbcType=INTEGER},
			</if>
			<if test="coDescribe != null">
				#{coDescribe,jdbcType=LONGVARCHAR},
			</if>
		</trim>
	</insert>
	<update id="updateByPrimaryKeySelective" parameterType="com.ddjf.wyhz.entity.Comment">
		update t_comment
		<set>
			<if test="coScore != null">
				co_score = #{coScore,jdbcType=DOUBLE},
			</if>
			<if test="coTime != null">
				co_time = #{coTime,jdbcType=TIMESTAMP},
			</if>
			<if test="coFilmid != null">
				co_filmid = #{coFilmid,jdbcType=INTEGER},
			</if>
			<if test="coUserid != null">
				co_userid = #{coUserid,jdbcType=INTEGER},
			</if>
			<if test="coDescribe != null">
				co_describe = #{coDescribe,jdbcType=LONGVARCHAR},
			</if>
		</set>
		where co_id = #{coId,jdbcType=INTEGER}
	</update>
	<update id="updateByPrimaryKeyWithBLOBs" parameterType="com.ddjf.wyhz.entity.Comment">
		update t_comment
		set co_score = #{coScore,jdbcType=DOUBLE},
		co_time = #{coTime,jdbcType=TIMESTAMP},
		co_filmid = #{coFilmid,jdbcType=INTEGER},
		co_userid = #{coUserid,jdbcType=INTEGER},
		co_describe = #{coDescribe,jdbcType=LONGVARCHAR}
		where co_id = #{coId,jdbcType=INTEGER}
	</update>
	<update id="updateByPrimaryKey" parameterType="com.ddjf.wyhz.entity.Comment">
		update t_comment
		set co_score = #{coScore,jdbcType=DOUBLE},
		co_time = #{coTime,jdbcType=TIMESTAMP},
		co_filmid = #{coFilmid,jdbcType=INTEGER},
		co_userid = #{coUserid,jdbcType=INTEGER}
		where co_id = #{coId,jdbcType=INTEGER}
	</update>
	<select id="selectByFilmId" parameterType="java.lang.Integer"
		resultMap="BaseResultMap">
		select
		<include refid="Base_Column_List" />
		from t_comment
		where co_filmid = #{filmId}
	</select>
</mapper>