<?xml version="1.0" encoding="UTF-8"?>
<!DOCTYPE mapper PUBLIC "-//mybatis.org//DTD Mapper 3.0//EN" "http://mybatis.org/dtd/mybatis-3-mapper.dtd">
<mapper namespace="com.ddjf.wyhz.dao.DirectorMapper">
  <resultMap id="ResultMap" type="com.ddjf.wyhz.entity.Director">
    <id column="dir_id" jdbcType="INTEGER" property="dirId" />
    <result column="dir_name" jdbcType="VARCHAR" property="dirName" />
    <result column="dir_photo" jdbcType="VARCHAR" property="dirPhoto" />
    <result column="dir_birth" jdbcType="DATE" property="dirBirth" />
    <result column="dir_birthplace" jdbcType="VARCHAR" property="dirBirthplace" />
    <result column="dir_job" jdbcType="VARCHAR" property="dirJob" />
    <result column="dir_introduction" jdbcType="LONGVARCHAR" property="dirIntroduction" />
    <result column="dir_prize" jdbcType="LONGVARCHAR" property="dirPrize" />
  </resultMap>
  <sql id="Base_Column_List">
    dir_id, dir_name, dir_photo, dir_birth, dir_birthplace, dir_job, dir_introduction, dir_prize
  </sql>
  <select id="selectByPrimaryKey" parameterType="java.lang.Integer" resultMap="ResultMap">
    select 
    <include refid="Base_Column_List" />
    from t_director
    where dir_id = #{dirId,jdbcType=INTEGER}
  </select>
  <delete id="deleteByPrimaryKey" parameterType="java.lang.Integer">
    delete from t_director
    where dir_id = #{dirId,jdbcType=INTEGER}
  </delete>
  <insert id="insert" parameterType="com.ddjf.wyhz.entity.Director">
    insert into t_director (dir_id, dir_name, dir_photo, 
      dir_birth, dir_birthplace, dir_job, 
      dir_introduction, dir_prize)
    values (#{dirId,jdbcType=INTEGER}, #{dirName,jdbcType=VARCHAR}, #{dirPhoto,jdbcType=VARCHAR}, 
      #{dirBirth,jdbcType=DATE}, #{dirBirthplace,jdbcType=VARCHAR}, #{dirJob,jdbcType=VARCHAR}, 
      #{dirIntroduction,jdbcType=LONGVARCHAR}, #{dirPrize,jdbcType=LONGVARCHAR})
  </insert>
  <insert id="insertSelective" parameterType="com.ddjf.wyhz.entity.Director">
    insert into t_director
    <trim prefix="(" suffix=")" suffixOverrides=",">
      <if test="dirId != null">
        dir_id,
      </if>
      <if test="dirName != null">
        dir_name,
      </if>
      <if test="dirPhoto != null">
        dir_photo,
      </if>
      <if test="dirBirth != null">
        dir_birth,
      </if>
      <if test="dirBirthplace != null">
        dir_birthplace,
      </if>
      <if test="dirJob != null">
        dir_job,
      </if>
      <if test="dirIntroduction != null">
        dir_introduction,
      </if>
      <if test="dirPrize != null">
        dir_prize,
      </if>
    </trim>
    <trim prefix="values (" suffix=")" suffixOverrides=",">
      <if test="dirId != null">
        #{dirId,jdbcType=INTEGER},
      </if>
      <if test="dirName != null">
        #{dirName,jdbcType=VARCHAR},
      </if>
      <if test="dirPhoto != null">
        #{dirPhoto,jdbcType=VARCHAR},
      </if>
      <if test="dirBirth != null">
        #{dirBirth,jdbcType=DATE},
      </if>
      <if test="dirBirthplace != null">
        #{dirBirthplace,jdbcType=VARCHAR},
      </if>
      <if test="dirJob != null">
        #{dirJob,jdbcType=VARCHAR},
      </if>
      <if test="dirIntroduction != null">
        #{dirIntroduction,jdbcType=LONGVARCHAR},
      </if>
      <if test="dirPrize != null">
        #{dirPrize,jdbcType=LONGVARCHAR},
      </if>
    </trim>
  </insert>
  <update id="updateByPrimaryKeySelective" parameterType="com.ddjf.wyhz.entity.Director">
    update t_director
    <set>
      <if test="dirName != null">
        dir_name = #{dirName,jdbcType=VARCHAR},
      </if>
      <if test="dirPhoto != null">
        dir_photo = #{dirPhoto,jdbcType=VARCHAR},
      </if>
      <if test="dirBirth != null">
        dir_birth = #{dirBirth,jdbcType=DATE},
      </if>
      <if test="dirBirthplace != null">
        dir_birthplace = #{dirBirthplace,jdbcType=VARCHAR},
      </if>
      <if test="dirJob != null">
        dir_job = #{dirJob,jdbcType=VARCHAR},
      </if>
      <if test="dirIntroduction != null">
        dir_introduction = #{dirIntroduction,jdbcType=LONGVARCHAR},
      </if>
      <if test="dirPrize != null">
        dir_prize = #{dirPrize,jdbcType=LONGVARCHAR},
      </if>
    </set>
    where dir_id = #{dirId,jdbcType=INTEGER}
  </update>
  <update id="updateByPrimaryKey" parameterType="com.ddjf.wyhz.entity.Director">
    update t_director
    set dir_name = #{dirName,jdbcType=VARCHAR},
      dir_photo = #{dirPhoto,jdbcType=VARCHAR},
      dir_birth = #{dirBirth,jdbcType=DATE},
      dir_birthplace = #{dirBirthplace,jdbcType=VARCHAR},
      dir_job = #{dirJob,jdbcType=VARCHAR},
      dir_introduction = #{dirIntroduction,jdbcType=LONGVARCHAR},
      dir_prize = #{dirPrize,jdbcType=LONGVARCHAR}
    where dir_id = #{dirId,jdbcType=INTEGER}
  </update>
  <!-- 根据导演名称获取导演信息 -->
  <select id="selectByName" parameterType="java.lang.String" resultMap="ResultMap">
    select 
    <include refid="Base_Column_List" />
    from t_director
    where dir_name = #{dirName,jdbcType=INTEGER}
  </select>
</mapper>