<?xml version="1.0" encoding="UTF-8"?>
<!DOCTYPE mapper PUBLIC "-//mybatis.org//DTD Mapper 3.0//EN" "http://mybatis.org/dtd/mybatis-3-mapper.dtd">
<mapper namespace="com.ddjf.wyhz.dao.FilmMapper">
	<resultMap id="BaseResultMap" type="com.ddjf.wyhz.entity.Film">
		<id column="id" jdbcType="INTEGER" property="id" />
		<result column="film_name" jdbcType="VARCHAR" property="filmName" />
		<result column="film_actor" jdbcType="VARCHAR" property="filmActor" />
		<result column="is3D" jdbcType="VARCHAR" property="is3d" />
		<result column="film_picture" jdbcType="VARCHAR" property="filmPicture" />
		<result column="category" jdbcType="VARCHAR" property="category" />
		<result column="film_time" jdbcType="TIMESTAMP" property="filmTime" />
		<result column="film_score" jdbcType="DOUBLE" property="filmScore" />
		<result column="film_director" jdbcType="VARCHAR" property="filmDirector" />
		<result column="stock" jdbcType="INTEGER" property="stock"></result>
	</resultMap>
	<resultMap extends="BaseResultMap" id="ResultMapWithBLOBs"
		type="com.ddjf.wyhz.entity.Film">
		<result column="film_describe" jdbcType="LONGVARCHAR" property="filmDescribe" />
	</resultMap>
	<sql id="Base_Column_List">
		id, film_name, film_actor, is3D, film_picture, category, film_time,
		film_score, film_describe, film_director, stock
	</sql>
	<sql id="Blob_Column_List">
		film_describe
	</sql>
	<select id="selectByPrimaryKey" parameterType="java.lang.Integer"
		resultMap="ResultMapWithBLOBs">
		select
		<include refid="Base_Column_List" />
		from t_film
		where id = #{id,jdbcType=INTEGER}
	</select>
	<delete id="deleteByPrimaryKey" parameterType="java.lang.Integer">
		delete from t_film
		where id = #{id,jdbcType=INTEGER}
	</delete>
	<insert id="insert" parameterType="com.ddjf.wyhz.entity.Film">
		insert into t_film (id, film_name, film_actor,
		is3D, film_picture, category,
		film_time, film_score, film_describe, film_director, stock
		)
		values (#{id,jdbcType=INTEGER}, #{filmName,jdbcType=VARCHAR},
		#{filmActor,jdbcType=VARCHAR},
		#{is3d,jdbcType=VARCHAR}, #{filmPicture,jdbcType=VARCHAR}, #{category,jdbcType=VARCHAR},
		#{filmTime,jdbcType=TIMESTAMP}, #{filmScore,jdbcType=DOUBLE},
		#{filmDescribe,jdbcType=LONGVARCHAR}, #{film_director} ,#{stock}
		)
	</insert>
	<update id="updateByPrimaryKeyWithBLOBs" parameterType="com.ddjf.wyhz.entity.Film">
		update t_film
		set film_name = #{filmName,jdbcType=VARCHAR},
		film_actor = #{filmActor,jdbcType=VARCHAR},
		is3D = #{is3d,jdbcType=VARCHAR},
		film_picture = #{filmPicture,jdbcType=VARCHAR},
		category = #{category,jdbcType=VARCHAR},
		film_time = #{filmTime,jdbcType=TIMESTAMP},
		film_score = #{filmScore,jdbcType=DOUBLE},
		film_describe = #{filmDescribe,jdbcType=LONGVARCHAR},
		film_director = #{filmDirector},
		stock = #{stock}
		where id = #{id,jdbcType=INTEGER}
	</update>

	<!-- 根据名称模糊查询电影 -->
	<select id="getFilmsByName" resultMap="BaseResultMap" parameterType="String">
		select
		<include refid="Base_Column_List" />
		from t_film
		where film_name like "%"#{filmName}"%"
	</select>
	
	<!-- 根据类型查询电影 -->
	<select id="getFilmsByType" resultMap="BaseResultMap" parameterType="String">
		select
		<include refid="Base_Column_List" />
		from t_film
		where category = #{type}
	</select>
	
	<!-- 根据评分排序获取电影列表-->
	<select id="getFilmsOrderByScore" resultMap="BaseResultMap">
		select
		<include refid="Base_Column_List" />
		from t_film
		order by film_score desc
	</select>
</mapper>