<?xml version="1.0" encoding="UTF-8"?>
<!DOCTYPE mapper PUBLIC "-//mybatis.org//DTD Mapper 3.0//EN" "http://mybatis.org/dtd/mybatis-3-mapper.dtd" >
<mapper namespace="com.ddjf.wyhz.dao.UserMapper">
<resultMap id="BaseResultMap" type="com.ddjf.wyhz.entity.User">
		<id column="user_id" property="userId" jdbcType="INTEGER" />
		<result column="user_name" property="userName" jdbcType="VARCHAR" />
		<result column="user_psw" property="userPsw" jdbcType="VARCHAR" />
		<result column="balance" property="balance" jdbcType="INTEGER"/>
		<result column="mobile" property="mobile" jdbcType="VARCHAR"/>
	</resultMap>
    <sql id="Base_Column_List">
		user_id, user_name, user_psw, balance, mobile
	</sql>
	
	<!-- 根据user_name查找 -->
	<select id="selectByUsername" resultMap="BaseResultMap"
		parameterType="java.lang.String">
		select
		<include refid="Base_Column_List" />
		from t_user
		where user_name = #{userName,jdbcType=VARCHAR}
	</select>
	<!-- 插入新纪录 -->
	<insert id="insert" parameterType="com.ddjf.wyhz.entity.User">
		insert into t_user (
		user_name, user_psw, mobile
		)
		values ( #{userName,jdbcType=VARCHAR},
		#{userPsw,jdbcType=VARCHAR},
		#{mobile}
		)
	</insert>
	<select id="pageQueryUser" resultMap="BaseResultMap"
		parameterType="java.lang.Integer">
		select
		<include refid="Base_Column_List" />
		from t_user limit #{start}, #{limit}
	</select>
	
	<!-- 根据Id查找用户 -->
	<select id="selectById" resultMap="BaseResultMap"
		parameterType="java.lang.Integer">
		select
		<include refid="Base_Column_List" />
		from t_user
		where user_id = #{userId}
	</select>
	
	<!-- 更新用户信息 -->
	<update id="updateByPrimaryKey" parameterType="com.ddjf.wyhz.entity.User">
		update t_user
		<set>
			<if test="userPsw != null">
				user_psw = #{userPsw},
			</if>
			<if test="mobile != null">
				mobile = #{mobile},
			</if>
			<if test="balance != null">
				balance = #{balance},
			</if>
			<if test="userName != null">
				user_name = #{userName}
			</if>
		</set>
		where user_id = #{userId}
	</update>
	
	<!-- 登录 -->
	<select id="login" resultType="com.ddjf.wyhz.entity.User">
		select * from t_user
		<where>
			mobile = #{mobile} and user_psw = #{userPsw}
		</where>
	</select>
</mapper>