<?xml version="1.0" encoding="UTF-8"?>
<beans xmlns="http://www.springframework.org/schema/beans"
    xmlns:xsi="http://www.w3.org/2001/XMLSchema-instance"
    xmlns:context="http://www.springframework.org/schema/context"
    xsi:schemaLocation="http://www.springframework.org/schema/beans
        http://www.springframework.org/schema/beans/spring-beans.xsd
        http://www.springframework.org/schema/context
        http://www.springframework.org/schema/context/spring-context.xsd">
   	
 	<context:annotation-config/>
 	<context:component-scan base-package="com.ddjf.wyhz.dao" />  
 	<context:component-scan base-package="com.ddjf.wyhz.service" />      
  	
    <!-- mybatis配置 -->
    <!-- 加载配置文件-->
    <context:property-placeholder location="classpath:mybatisConf/jdbc.properties"/>
    
    <bean id="dataSource" class="org.springframework.jdbc.datasource.DriverManagerDataSource">
        <property name="driverClassName" value="${dataSource.driverClassName}"/>
        <property name="url" value="${dataSource.url}"/>
        <property name="username" value="${dataSource.username}"/>
        <property name="password" value="${dataSource.password}"/>
    </bean>
    
    <bean id="sqlSessionFactory" class="org.mybatis.spring.SqlSessionFactoryBean">
        <property name="configLocation" value="classpath:mybatisConf/mybatisConf.xml"/>
        <property name="dataSource" ref="dataSource"/>
        <!-- 自动扫描xml包 -->
        <property name="mapperLocations" value="classpath:com/ddjf/wyhz/mapper/*.xml"/>
    </bean>
    
    <!-- 动态代理实现 不用写dao的实现 -->
    <!-- dao接口的完整路径就是这个dao接口对应的那么映射文件的namespace，而方法名就是xml文件中id的值 -->
    <bean id="mapperScannerConfigurer" class="org.mybatis.spring.mapper.MapperScannerConfigurer">
        <!-- 这里的basePackage 指定了dao层接口路径，这里的dao接口不用自己实现 --> 
        <property name="basePackage" value="com.ddjf.wyhz.dao"/>
        <!-- 如果只有一个数据源的话可以不用指定，但是如果有多个数据源的话必须要指定 -->
        <!-- <property name="sqlSessionFactoryBeanName" value="sqlSessionFactory" /> -->
    </bean>
    
    <!-- 事务管理器 -->
    <bean id="transactionManager" class="org.springframework.jdbc.datasource.DataSourceTransactionManager">
        <property name="dataSource" ref="dataSource"/>
    </bean>
</beans> 